Ariana,ariana@billboards.com,26
Nicola,nicola@thesongwriter.com,25
Dax,dax@hellobello.com,44
Arnold,arnold@goldsgym.com,72
Sasha,sasha@anna.com,27
John,john@greenberets.com,73
Anya,anya@viktor-rolf.com,23
Samuel,samuel@masterclass.com,70
Charlize,charlize@dior.com,44
Finn,kevin@ots.com,64
Imogen,imogen@riversidestudios.co.uk,30
Clint,clint@tehamagolfclub.com,89
